release_id,title,artist_name,artist_id,primary_type,secondary_types,first_release_date,release_year
2f06d8f6-38f3-3299-ae0c-4d2ef6434617,Girl Crazy,George Gershwin,65744963-191a-44ef-a3c7-b693a808a158,Album,Soundtrack,1990-11-13,1990
3e9fee35-d0ec-33bb-a4a6-2da326889646,City of Angels,Cy Coleman,2566401d-579d-45b7-8643-f42150c7c080,Album,Soundtrack,1990,1990
40e858ae-2165-3e18-b0c2-d4074f8ebeb3,Filmworks I: 1986-1990,John Zorn,7ec4a553-73e5-4c0d-a071-a82b83a309e6,Album,Soundtrack,1990,1990
cc3fada0-61b7-3883-b8c3-824ad0d536de,Cirque du Soleil,Cirque du Soleil,0ea427c8-07d4-4f9c-92c6-bc4e8241799a,Album,Soundtrack,1990-07,1990
8b606502-8e73-3302-939d-dc561571d5ed,Iolanthe (1991 D’Oyly Carte cast),W.S. Gilbert,949a471b-49a3-4d72-8054-37f3174b0a6a,Album,Soundtrack,1991,1991
f4876f94-a608-34e0-8d1f-f0a23c4bd942,Les Misérables (1991 Dutch cast),Claude‐Michel Schönberg,e605aaba-e920-456a-9c8a-0836c46d4764,Album,Soundtrack,1991,1991
03907ae8-f9bf-3f4b-982e-b9a65b951e56,Les Misérables (1991 Paris cast),Claude‐Michel Schönberg,e605aaba-e920-456a-9c8a-0836c46d4764,Album,Soundtrack,1991,1991
fdeec7b2-3ae7-370a-845a-f9383bc24db4,Carmen Jones (1991 original London cast),Georges Bizet,9bd20e6a-b41d-4983-a5b6-c0ff849fa235,Album,Soundtrack,1991,1991
798cf29a-74ed-482e-b367-05cf4a64920e,Children of Eden (1991 Original Cast),Shezwae Powell,9385e4c5-4d55-4e41-9089-390f999a5099,Album,Soundtrack,1991,1991
5f87499a-b080-48b1-b711-4ebdd7da8824,Annie Get Your Gun (1991 studio recording),Irving Berlin,5e645519-a175-4fe0-9a9b-eb9dc9f506b5,Album,Soundtrack,1991,1991
3ce50b0e-9f75-4b2e-802c-bfe7a1d9b23d,The Phantom of the Opera (1991 Australian cast),Andrew Lloyd Webber,980ee2d8-2ee9-407b-b48e-48360fbc7437,Album,Soundtrack,1991,1991
f6c86e42-9518-3c5e-b67e-4b97d207d77a,Kismet,George Forrest,07057467-9e48-469b-846c-5abf5246d2bb,Album,Soundtrack,1991-11-15,1991
d807e2f0-b8b2-35d8-9a3b-086f114e64e2,Nine (1992 London concert cast),Maury Yeston,5c7ddea6-f48e-47de-8fe9-73ae665386f9,Album,Soundtrack,1992-10-09,1992
ccd0ce1e-ef12-48f0-ad84-13b692a61e35,Five Guys Named Moe (1992 original Broadway cast),Louis Jordan,b8b30699-7814-4fd1-ab75-6f22f5da0fac,Album,Soundtrack,1992,1992
f38945b7-e8a9-4200-bae5-85b6c4699791,Hair (Die Deutsche Neuaufnahme 1993),Galt MacDermot,479e16b4-2b26-40d1-ba65-9ce5ea8ae6a6,Album,Soundtrack,1993,1993
a87cdb55-ad02-4071-aae7-f2d5c1ee3ab0,Dansk Melodi Grand Prix 1993,Various Artists,89ad4ac3-39f7-470e-963a-56509c546377,Album,Soundtrack,1993,1993
42e1a717-027a-3f7c-85a8-bc7010211690,Gypsy (original soundtrack of the 1993 TV-show),Bette Midler,ed333e8b-d18a-49fc-b361-4ec9731dfdba,Album,Soundtrack,1993,1993
d185ba13-5730-48aa-b8dc-566887bd653e,1993 ハドソン CD•ROM² 音楽全集,Various Artists,89ad4ac3-39f7-470e-963a-56509c546377,Album,Soundtrack,1993-05-21,1993
ddc45f15-ed00-45ae-aa79-fbf72426acd3,スーパーファミコンマガジン9月情報号特別付録 (1993),Various Artists,89ad4ac3-39f7-470e-963a-56509c546377,Album,"Compilation, Soundtrack",1993-09,1993
092b1f16-b003-422d-bb1a-6491d4e85019,スーパーファミコンマガジン8月情報号特別付録 (1993),Various Artists,89ad4ac3-39f7-470e-963a-56509c546377,Album,"Compilation, Soundtrack",1993-08,1993
5cc2bbfb-ef89-370b-b5c2-3a58f23a5236,My Fair Lady,Alan Jay Lerner,56b7ad8e-3c4f-4f14-914d-f2852d147c2e,Album,Soundtrack,1993,1993
67115599-1adc-31c6-b639-f0f91ba9aefc,"Hello, Dolly! (1994 Broadway revival cast)",Jerry Herman,dfbd1d7b-bd17-48a2-b1b6-b09d62b57832,Album,Soundtrack,1994-11-15,1994
450944ce-896d-375c-a1e9-e6015c7e206d,Miss Saigon (1995 studio cast),Claude‐Michel Schönberg,e605aaba-e920-456a-9c8a-0836c46d4764,Album,Soundtrack,1995-11-14,1995
f6ed670f-dfcd-3884-9cd8-ef12f029bffd,Miss Saigon (1995 Stuttgart cast),Claude‐Michel Schönberg,e605aaba-e920-456a-9c8a-0836c46d4764,Album,Soundtrack,1995-06-19,1995
564066a9-b874-4411-8fa1-1fe63088d937,Only Heaven Knows (1995 Australian Cast),Alex Harding,4e8d6758-cabe-4edd-9e79-0731f420e846,Album,Soundtrack,1995,1995
dce97df7-0e1f-3920-b43f-7cc932455c80,Victor/Victoria (1995 original Broadway cast),Henry Mancini,83e71a21-caf7-4e48-8ff7-6512d51e88a3,Album,Soundtrack,1995-12-05,1995
88c17dd6-3ee1-315f-afbc-3da25b3db3c5,Call Me Madam (1995 New York cast),Irving Berlin,5e645519-a175-4fe0-9a9b-eb9dc9f506b5,Album,Soundtrack,1995,1995
e05136e2-bc5d-30d4-bc8c-20ff7d2b362e,Fame: The Musical (1995 Original London Cast),Steve Margoshes,3a313697-ce02-460a-a2fb-fbda0817306f,Album,Soundtrack,1995-08-28,1995
1982327b-d8e9-3323-a6c9-ccacf8e84779,Forbidden Hollywood (1995 original Los Angeles cast),Gerard Alessandrini,2c9e5bd2-ac14-4cae-8cec-4a7c67147199,Album,Soundtrack,1995-11-14,1995
fd82d57f-e21d-4fc6-a8b2-e27efccda250,A Tale of Cinderella (1995 Television Cast),Will Severin,0f2d058c-0371-4efa-a346-5e1180151168,Album,Soundtrack,1995-10-10,1995
782e611d-4709-454c-a684-cebbd4c1e8ba,Musicalendar 1996,Lakki Patey,70671d54-cf07-4460-a16a-e16c3939cff4,Album,Soundtrack,1996,1996
913ffc0e-ba81-3b6c-b77b-597ef87dfd9d,Filmworks VI: 1996,John Zorn,7ec4a553-73e5-4c0d-a071-a82b83a309e6,Album,Soundtrack,1996,1996
92e2a6f0-1ea0-3d24-8bce-c5021822f4e0,Les Misérables (1996 Duisburg cast),Claude‐Michel Schönberg,e605aaba-e920-456a-9c8a-0836c46d4764,Album,Soundtrack,1996-09-16,1996
35b4073b-e32f-3f47-b876-1f4457ee5953,Les Misérables (1996 Chicago studio cast),Claude‐Michel Schönberg,e605aaba-e920-456a-9c8a-0836c46d4764,Album,Soundtrack,1996-05-21,1996
0a970f34-c8ff-30c4-b757-eafe35d0cd17,Heathcliff Live (1996 original Birmingham cast),Cliff Richard,b5c2fdfc-d037-45b8-84f9-09ebb7ff8aa1,Album,Soundtrack,1996-12-02,1996
b1668221-d893-4325-94d0-a00a689f70bf,1996 ハドソンゲーム音楽全集,Various Artists,89ad4ac3-39f7-470e-963a-56509c546377,Album,Soundtrack,1996-07-01,1996
8d7c1ccd-f7ae-3b1a-abe8-ccc332f34778,Steel Pier (1997 original Broadway cast),John Kander,3916e074-5c71-493a-8815-a78fc7d26ec2,Album,Soundtrack,1997,1997
8af0e290-db0e-3935-a363-815989ba3f6a,1997 Animation Best Collection Vol. 3,Various Artists,89ad4ac3-39f7-470e-963a-56509c546377,Album,"Compilation, Soundtrack",1997,1997
22d660b9-6672-4849-ac28-c6423dd9b2ea,The Manchurian Candidate: Complete Soundtrack Recording,David Amram,7b773416-4da4-4397-bf70-0bbc36b3c556,Album,Soundtrack,1997,1997
d5c4c645-2f0f-47ad-b917-6b4c42e90011,ノット・ファウンド／見つかりませんでした。: シティボーイズ・オリジナル・サウンドトラック 1997,Various Artists,89ad4ac3-39f7-470e-963a-56509c546377,Album,Soundtrack,1997-07-25,1997
c524cf0d-f48f-4f38-b41e-45748076a508,Gramophone December 1998,Various Artists,89ad4ac3-39f7-470e-963a-56509c546377,Album,"Compilation, Soundtrack",1998,1998
add5fa0d-63d9-3658-a791-47c6dd0de418,Might and Magic VI: The Mandate of Heaven,Paul Romero,89c0e44e-b7f5-4c55-8067-4680ba61f04f,Album,Soundtrack,1998,1998
5d41b9f0-b6b4-3603-acdb-51e8cffb365d,The Wizard of Oz (1998 Madison Square Garden cast),Harold Arlen,3508f3fd-3b18-493c-a362-376736bb6cde,Album,Soundtrack,1998,1998
3f3288c3-c66b-3d3e-bac1-34ca6f0a5fc6,Buddy - Das Musical: Live in Hamburg! (1998 Hamburg cast),Buddy Holly,d352f5dd-3023-4565-a7bb-52396bf8821d,Album,Soundtrack,1998,1998
7dd29e24-9311-395a-9396-e3637a5654ff,Parade (1999 original Broadway cast),Jason Robert Brown,233c0924-76ca-46e1-ac64-79071f4a4bd2,Album,Soundtrack,1999,1999
abf1bfdc-6841-42be-bc71-2bd437870b9b,Big: The Musical (1999 touring cast),David Shire,b2283bca-ced1-4856-9cc6-a94b271062f5,Album,Soundtrack,1999,1999
8ee0e726-6884-3b02-b84c-bd38cd65d423,Godzilla 2000: Millennium,服部隆之,77e17f40-d263-46de-ae65-907430e9c15c,Album,Soundtrack,2000-08-15,2000
eace9735-4c89-37ca-aa05-28c6cb56e99f,Charlie’s Angels 2000,Apollo 440,1ff10dff-7ac7-4e53-bc02-d5c3cbd8448b,Single,Soundtrack,2000-11-27,2000
d456d45f-3c8d-4a46-ae9d-bd606a8150fb,The King of Fighters 2000,新世界楽曲雑技団,3c4aaf27-5917-4960-bc13-b22982338665,Album,Soundtrack,2000-08-23,2000
4175e59b-32c1-4d89-ac6b-84c3dcbeeeda,Samba De Amigo Ver. 2000,幡谷尚史,c77a7890-dc0e-4c5d-a7b4-96baa462c251,Album,Soundtrack,2000-12-14,2000
fb1de33a-d0b4-4756-97f1-5b910be93f96,Tokyo Disneyland: Starlight Magic 2000,Mac Davis,79e92ede-a055-4736-916c-5f0c771f5922,Album,Soundtrack,2000-07-12,2000
f164ef01-7cad-4909-9307-e48e5915dc92,Cherry 2000 / Flesh+Blood,Basil Poledouris,e50f9da8-a0a2-4a97-94b6-c649a2b96c0b,Album,Soundtrack,2000-02-01,2000
febd24a2-5a18-4571-b69f-a690ca6afe1e,NBA Live 2001,Various Artists,89ad4ac3-39f7-470e-963a-56509c546377,Album,Soundtrack,2001-01-23,2001
99c3001d-452f-3006-a264-8db4ad1708d6,Forbidden Broadway 2001: A Spoof Odyssey (2001 original off-Broadway cast),Gerard Alessandrini,2c9e5bd2-ac14-4cae-8cec-4a7c67147199,Album,Soundtrack,2001-02-13,2001
e7126192-021a-3ac0-9790-32228afae65d,Chess (2001 Danish tour cast),Björn Ulvaeus,ffb77292-9712-4d03-94aa-bdb1d4771d38,Album,Soundtrack,2001,2001
75b2cf46-23cf-34f1-9db8-966c662d1eea,QuarneVALsskivan 2002,Q Arne,dea0cdc9-cd4a-40ca-b009-f22c331f72bd,Album,Soundtrack,2002-02-22,2002
e6c7ac38-d548-3551-b195-14c58057541c,"Cindy, Cendrillon 2002",Romano Musumarra,257c4fa6-6259-4f32-b862-2cdc25119ac6,Album,Soundtrack,2002-02-26,2002
be762e5d-a87a-3fec-9e26-b3a41390c3d5,Gran Hermano 2002,Various Artists,89ad4ac3-39f7-470e-963a-56509c546377,Album,Soundtrack,2002,2002
5875239e-5f16-4725-88e6-339e1241f12e,PLAYZONE 2002 愛史,少年隊,8f9098ec-f742-4f2a-b555-63573ad04d3b,Album,Soundtrack,2002-07-31,2002
21563639-c5b5-3559-8959-b3e4b945cef7,MACROSS SONG COLLECTION 2002,Various Artists,89ad4ac3-39f7-470e-963a-56509c546377,Album,"Compilation, Soundtrack",2002-12-04,2002
6a88132a-6fec-3119-ab14-ed3916ae0823,Bombay Dreams (2002 original London cast),A. R. Rahman,e0bba708-bdd3-478d-84ea-c706413bedab,Album,Soundtrack,2002-06-17,2002
f822a86a-d0d7-4d76-9ff5-23281f2cf6cf,The Spitfire Grill (2002 Cast Recording),James Valcq,7c8aff21-4c50-45dc-b2fb-84932ddceeae,Album,Soundtrack,2002,2002
ca61e251-6427-398c-a054-67ed7b3116ec,"Filmworks XI: 2002, Volume One: Secret Lives",John Zorn,7ec4a553-73e5-4c0d-a071-a82b83a309e6,Album,Soundtrack,2002-07,2002
f4b723df-57e6-42df-9183-3d7f3a0313c6,2002年劇場版ポケットモンスター ミュージックコレクション,宮崎慎二,d5ce48f7-fe45-45b7-ba87-f84557e56dc0,Album,Soundtrack,2002-08-01,2002
f20ad580-8197-30f8-862e-13ff7611e70d,Malhação Nacional 2003,Various Artists,89ad4ac3-39f7-470e-963a-56509c546377,Album,Soundtrack,2003,2003
ab65103a-2300-34e1-9418-6c54edc25856,Malhação Internacional 2003,Various Artists,89ad4ac3-39f7-470e-963a-56509c546377,Album,Soundtrack,2003,2003
74d48fb1-55ed-49e1-9b9a-44fe79c29b8c,Big Brother 2003,Various Artists,89ad4ac3-39f7-470e-963a-56509c546377,Broadcast,Soundtrack,2003,2003
32c9545e-a038-452b-8095-6a9eee383fe2,welcome to [Breakpoint 2003],Kb,65939ec6-f40b-449b-b3eb-6bfbc9e109df,Single,Soundtrack,2003-01-25,2003
a222bb2e-f9b2-37c2-bd2a-09f4285b5376,World in Union 2003,Various Artists,89ad4ac3-39f7-470e-963a-56509c546377,Album,Soundtrack,2003,2003
de6148d5-56ae-4936-a9dc-6807c4d1af06,GWAVE 2003 1st Beat,Various Artists,89ad4ac3-39f7-470e-963a-56509c546377,Album,"Compilation, Soundtrack",2003-12-28,2003
cccae1d6-4282-417c-8a9a-e5faf31d3f56,Brownstone: The Musical (2003 studio cast),Josh Rubins,54f08556-d304-45ef-90e5-95a23f2e15c9,Album,Soundtrack,2003-08-26,2003
e964dac1-680c-4f53-b3d7-7ce2410e1c46,Fatherland (2003 BBC radio 4 cast),Robert Harris,1f971017-51f1-4db0-9afd-c47d5ca1dc17,N/A,Soundtrack,2003,2003
06ba0458-9849-4e69-8c19-c0bf45684116,Путеводитель: Страна Игр №04(04) Декабрь 2003,Akira Yamaoka,23a32153-7314-4359-a5cd-9e584fe83504,EP,Soundtrack,2003-12,2003
19601168-bab7-486d-b2f8-92578fad8f53,Opus 2004,Alexandre Cellier,8ae8a2c6-9516-4472-9a5f-370ea4a0a04e,Album,Soundtrack,2004,2004
6a87257a-6d1e-4d28-a8ce-37ea2f2f559b,Tubes 2004,Various Artists,89ad4ac3-39f7-470e-963a-56509c546377,Album,Soundtrack,2004-04-26,2004
15132845-eab6-3b47-a359-702186baa43a,Malhação Internacional 2004,Various Artists,89ad4ac3-39f7-470e-963a-56509c546377,Album,Soundtrack,2004,2004
2b5c4393-c5dc-343c-a259-c1ffb382c9cb,Win a Date With Tad Hamilton,Various Artists,89ad4ac3-39f7-470e-963a-56509c546377,Album,Soundtrack,2004-01-20,2004
f6773fd1-e073-45d2-9d42-2f915e3f7672,GWAVE 2004 1st Groove,Various Artists,89ad4ac3-39f7-470e-963a-56509c546377,Album,"Compilation, Soundtrack",2004-12-24,2004
d38527cd-9251-3d66-b769-ee3106ab95fa,Mamma Mia! (2004 German cast),Björn Ulvaeus,ffb77292-9712-4d03-94aa-bdb1d4771d38,Album,Soundtrack,2004-06-21,2004
0049015f-f4ef-446d-b277-ef81085ce197,Toyko DisneySea - Dramatic DisneySea 2004,[Disney],66ea0139-149f-4a0c-8fbf-5ea9ec4a6e49,Album,Soundtrack,2004-09-20,2004
0a745e55-fce6-4334-8bf4-299a2810a7c7,50 First Dates: Love Songs From the Original Motion Picture,Various Artists,89ad4ac3-39f7-470e-963a-56509c546377,Album,Soundtrack,2004-02-03,2004
b0bae3f1-42e9-3769-8d55-9c623803ec36,The Manchurian Candidate (Music From the Motion Picture),Rachel Portman,550508e3-efae-47de-83cc-e50cc471d7e4,Album,"Compilation, Soundtrack",2004-09-14,2004
fe59a36d-55b4-4537-adfb-48de24ac032f,The Manchurian Candidate: Music From the Motion Picture,Various Artists,89ad4ac3-39f7-470e-963a-56509c546377,Album,"Compilation, Soundtrack",2004,2004
b63574b1-4610-385f-850c-8513a8bbbf90,The Wedding Date,Blake Neely,a40b969e-4329-494e-aacb-14370f75889d,Album,Soundtrack,2005-05-24,2005
597f8f34-d31e-30b3-ba82-badc5fbf4bf4,QuarneVALsskivan 2005,Q Arne,dea0cdc9-cd4a-40ca-b009-f22c331f72bd,Album,Soundtrack,2005-02-12,2005
bb5e5437-59f4-3eee-b17a-a53864fe457c,Yakeen (2005),Yakeen,110aa8d3-4ecc-49d5-a043-7a2ea40fee6f,Album,Soundtrack,2005-05-16,2005
3403577a-1a24-3bcb-aef0-8fc0124befb3,AURA Mollermusical 2005,De Mollermusicalband,c27d1356-e6e6-419d-8188-f66924b5eea8,Album,Soundtrack,2005,2005
a24e529b-37d8-32e3-b4a8-8b8f72b4c418,FIFA 2005 Soundtrack,Various Artists,89ad4ac3-39f7-470e-963a-56509c546377,Album,Soundtrack,2005,2005
4c3e1c6f-4a21-3457-882f-36aefaed5d19,Cinema Classics 2005,Various Artists,89ad4ac3-39f7-470e-963a-56509c546377,Album,Soundtrack,2005-06-21,2005
d3a6470b-2cd5-33c4-b8ec-88b24f107240,Malhação Internacional 2005,Various Artists,89ad4ac3-39f7-470e-963a-56509c546377,Album,Soundtrack,2005-11-02,2005
9185ccff-f836-4ca0-81e4-cdbe64e9d0c6,FIFA Street (2005),Various Artists,89ad4ac3-39f7-470e-963a-56509c546377,Album,"Compilation, Soundtrack",2005,2005
281cd1f1-3f82-4761-998c-32460b2ca541,Victor/Victoria (2005 German cast),Henry Mancini,83e71a21-caf7-4e48-8ff7-6512d51e88a3,Album,Soundtrack,2005-01-11,2005
ed7493fa-5f1b-320d-8d3e-5fc235f36f24,Jersey Boys (2005 original Broadway cast),Bob Gaudio,25e7bc9a-317a-44ab-87ac-dc5617110d54,Album,Soundtrack,2005,2005
5db8b116-eea2-4716-868f-e27a78cfe458,Date Movie,David Kitay,fd58f8c0-e8ec-4bec-b56f-13f49d6e2810,Album,Soundtrack,2006,2006
c2d75ad8-0221-35c3-943f-5c373d2e37fa,Date Movie,Various Artists,89ad4ac3-39f7-470e-963a-56509c546377,Album,Soundtrack,2006-03-07,2006
b3a3bb00-d502-41fd-a34a-93969739ed09,Anjana 2006,Zubeen Garg,462d0e4a-5551-499a-b804-e95b997b4877,Album,Soundtrack,2006-01-11,2006
ab6c6a6f-eba8-3069-9e2e-704cca4ca8b8,Malhação Internacional 2006,Various Artists,89ad4ac3-39f7-470e-963a-56509c546377,Album,Soundtrack,2006,2006
0400e9ac-7896-38a5-906f-1525294aeaec,FIFA World Cup 2006,Various Artists,89ad4ac3-39f7-470e-963a-56509c546377,Album,Soundtrack,2006,2006
b67308db-03b9-4be8-ae3d-391f62c6fbc7,Idaten Jump Original Soundtrack 2,高梨康治,c7b20a7d-bf0e-45f8-9ea4-6ddcae9c49dd,Album,Soundtrack,2006-08-02,2006
0213d300-f3ef-4262-a063-d94831be2978,SEGA Rally 2006 Original Sound Track,Various Artists,89ad4ac3-39f7-470e-963a-56509c546377,Album,Soundtrack,2006-01-18,2006
5cdc6818-43ce-4668-a50d-18c62898ea58,A Moment to Shine 2006 Cast Recording,Cumberland Gang Show,56b1e65d-7612-4044-a59f-0fad65e0d7d7,N/A,Soundtrack,2006-07-01,2006
2eabd277-923a-460f-8147-150adc8c9882,Jaanmoni 2007,Zubeen Garg,462d0e4a-5551-499a-b804-e95b997b4877,Album,Soundtrack,2007-01-03,2007
5c7bf364-0ed4-4390-bf59-b1b3d5e180fd,Rangdhali 2007,Zubeen Garg,462d0e4a-5551-499a-b804-e95b997b4877,Album,Soundtrack,2007-02-08,2007
e1d04146-2d3b-4c41-872c-ee0a34e39930,The Sims: Hot Date,Various Artists,89ad4ac3-39f7-470e-963a-56509c546377,Album,Soundtrack,2007-03-26,2007
f9673e7f-100a-4daf-8eb2-07bad236cd2d,Jaan Bihu 2007,Zubeen Garg,462d0e4a-5551-499a-b804-e95b997b4877,Album,Soundtrack,2007-03-24,2007
e2f756d8-96d8-3f4a-93d5-5b867bd0d73b,DEKAMERON Mollermusical 2007,De Mollermusicalband,c27d1356-e6e6-419d-8188-f66924b5eea8,Album,Soundtrack,2007,2007
1359e376-538e-4783-bbe0-ae2c51886b8b,2007 무한도전 강변북로가요제,Various Artists,89ad4ac3-39f7-470e-963a-56509c546377,Album,Soundtrack,2007-09-04,2007
f94d66b6-1981-4e35-a7b9-b71212c96c30,The Absolute Sound 2007,Various Artists,89ad4ac3-39f7-470e-963a-56509c546377,Album,Soundtrack,2007,2007
24e29b32-ada2-3309-b43f-94e1a7624556,Curtains (2007 original Broadway cast),John Kander,3916e074-5c71-493a-8815-a78fc7d26ec2,Album,Soundtrack,2007-06-05,2007
ff767b8c-3449-4de5-a8dd-5df3649b1969,Shooting Love 2007 Original Soundtrack,Various Artists,89ad4ac3-39f7-470e-963a-56509c546377,Album,Soundtrack,2007-09-13,2007
74573449-77c4-3d3d-8413-5124f95e94c8,"Malhação Internacional 2007, Volume 2",Various Artists,89ad4ac3-39f7-470e-963a-56509c546377,Album,Soundtrack,2007,2007
12550031-4246-3752-86ff-8218e187ef5b,"Malhação Internacional 2007, Volume 1",Various Artists,89ad4ac3-39f7-470e-963a-56509c546377,Album,Soundtrack,2007,2007
16e056b8-495c-4b21-a0e3-2b6a9e6b5666,Hit The Heights 2007 Cast Recording,Cumberland Gang Show,56b1e65d-7612-4044-a59f-0fad65e0d7d7,N/A,Soundtrack,2007-07-01,2007
057ef3e5-e133-4f51-ba9d-04b694f9f15c,2008,小室雅己,6e89bec6-ec56-41f9-8040-dffedc4f095b,Album,Soundtrack,2008-12-02,2008
905c7ad5-e61a-4dbe-8713-9f13933960a0,Jaanmoni 2008,Zubeen Garg,462d0e4a-5551-499a-b804-e95b997b4877,Album,Soundtrack,2008-01-02,2008
d37d37da-a427-4dfd-9064-61293bb50421,Salute (2008),Harris Jayaraj,ecdd5aa9-b760-47d4-9541-3c3d04da433b,Album,Soundtrack,2008-06-04,2008
69e7358d-69f5-3dea-9ceb-0b7d9a0d1024,Malhação 2008,Various Artists,89ad4ac3-39f7-470e-963a-56509c546377,Album,Soundtrack,2008,2008
d2a9f51c-b8c8-46bd-8973-a24b8c4fca6f,MGP Jr. Finland 2008,Various Artists,89ad4ac3-39f7-470e-963a-56509c546377,Album,Soundtrack,2008,2008
545e2dcb-d234-48c4-8908-b0bccd5a3c70,Les Misérables (2008 Rotterdam cast),Claude‐Michel Schönberg,e605aaba-e920-456a-9c8a-0836c46d4764,Album,Soundtrack,2008-06-25,2008
1fc71ff9-2669-444d-8005-b0ecb61cfdff,Zwei!! Original Sound Track 2008,Falcom Sound Team jdk,c999f4ef-8733-46f8-ae3a-d5628c260ea8,Album,Soundtrack,2008-12-11,2008
65ea906c-1378-3cec-88ae-8c9d581d06a9,O futuro é agora - 2008,Boi Caprichoso,5965e448-5f97-4629-9126-c12ed282c561,Album,Soundtrack,2008-06-27,2008
ddf0576f-ba08-4a3c-a4f5-5de07f86d853,Лучшие Компьютерные Игры №06 Июнь 2008,Various Artists,89ad4ac3-39f7-470e-963a-56509c546377,Album,Soundtrack,2008,2008
76cba97c-0874-4912-acba-902316c78686,2009 외인구단 OST,Various Artists,89ad4ac3-39f7-470e-963a-56509c546377,Album,Soundtrack,2009-06-02,2009
5ae0caf8-b4bd-4762-8bf0-ad71cc135b6c,The Toxic Avenger (2009),David Bryan,1ca7845a-78e8-48e7-8f1b-68ffd2159342,Album,Soundtrack,2009-05-05,2009
056f7ee9-c009-4a7f-894e-1f92013fc330,2009 무한도전 올림픽대로 듀엣가요제,Various Artists,89ad4ac3-39f7-470e-963a-56509c546377,Album,Soundtrack,2009-07-13,2009
0ce44c50-a8f4-450a-8118-958071aedad1,Rock of Ages (2009 original Broadway cast),Various Artists,89ad4ac3-39f7-470e-963a-56509c546377,Album,Soundtrack,2009-06-02,2009
f2e77bf2-bc53-48fd-a276-17ab2c1cadfa,Midsummer - A Play With Songs (2009 original Traverse Theatre cast),Gordon McIntyre,cfdd94ad-2f93-4771-b49f-cb1a24373b15,Album,Soundtrack,2009-09-14,2009
d5691ef2-6d65-4171-b436-f06ef623004c,זומבי.קון 2010,קבוצת מספרי הסיפורים,c9b9a017-915c-41a9-ad48-531e47f9dcf6,Album,Soundtrack,2010,2010
891f40b2-1a0a-43ca-a756-5adf3c6b0995,Eurovisionul copiilor 2010,Various Artists,89ad4ac3-39f7-470e-963a-56509c546377,Album,Soundtrack,2010-08-27,2010
b19da704-7160-4763-99ea-461de3cc432c,Best of Orkpack 2010,Ralf Kurtsiefer,60a9f252-3e9a-4d30-a7f7-520b7ae04af7,Album,Soundtrack,2010,2010
62c10217-a73b-49d5-8ee8-0738f1d55fb2,nuit des musées 2010,Philippe Mangold,51895506-62c2-4469-bf76-4947a6fb1496,N/A,Soundtrack,2010-06-12,2010
9ca8501d-e1e5-441a-b7fc-4e9f593054d8,Tokyo DisneySea Spring Carnival 2010,[Disney],66ea0139-149f-4a0c-8fbf-5ea9ec4a6e49,Album,Soundtrack,2010-04,2010
a3247759-b73f-44af-aef7-e9012b1d5fea,Vom Geist der Weihnacht - Original German Musical Cast 2010,Dirk Michael Steffan,38b52437-e514-4574-af7b-8a8cf206fbaf,Album,Soundtrack,2010,2010
2ac03ab7-ad3c-427a-8ccd-8584306a0c86,Moromjaan 2011,Dikshu,e8bf579f-919f-454c-8a3c-c063f2b708d7,Album,Soundtrack,2011-01-07,2011
90b9e2e6-bf35-4cab-9e52-fd433ebf155d,EXP SOUND BOX 2011,エクスペリエンス,6d0330d6-549b-4ce1-8fe1-445b51a33ac8,Album,Soundtrack,2011-09-29,2011
6eddf64d-30df-4587-83fe-4a935d9878ea,The Candidate,Zack Hemsey,7fa6329f-9aa6-44c9-b2fa-8a0107c20012,Album,Soundtrack,2011-10-20,2011
fc6e70ed-d057-4739-821d-620a85bf1c6b,2011 무한도전 서해안 고속도로 가요제,Various Artists,89ad4ac3-39f7-470e-963a-56509c546377,Album,Soundtrack,2011-07-02,2011
6aabec1c-20da-4cef-b8b9-3483e6be5dda,"Dinosaur Comics – March 9th, 2011",David Mackenzie,3c02711d-fcf7-42fd-bfb2-5ad5f72543b1,Single,Soundtrack,2011-04-03,2011
7f07b7af-787e-44e8-95d2-26001c1b5075,Baby It's You! (2011 original Broadway cast),Various Artists,89ad4ac3-39f7-470e-963a-56509c546377,Album,Soundtrack,2011-06-14,2011
9cd493d8-e1d0-4802-9cac-2f6ecacd579c,Alice Live Arrange Collection ver.Chaos Party Special 2011,坂本昌之,54b70f01-9fef-4e89-9993-4548bf51cc74,Album,Soundtrack,2011-12-22,2011
6501c8ad-969a-497b-bae8-ad2a2675485e,The Wizard of Oz (2011 London Palladium cast),Harold Arlen,3508f3fd-3b18-493c-a362-376736bb6cde,Album,Soundtrack,2011-05-09,2011
5f355ba3-a81e-4921-aefb-160f0e436c9f,Junior Eurovision Song Contest: Yerevan - Armenia 2011,Various Artists,89ad4ac3-39f7-470e-963a-56509c546377,Album,"Compilation, Soundtrack",2011-11-25,2011
b7aee180-a42c-4da7-b533-f67a01403820,Follies,Stephen Sondheim,bcd6af9f-afa8-43fd-b1be-acbbbb2f7dc7,Album,Soundtrack,2011-11-29,2011
f334669e-75cf-49f7-a96d-f0c9f7fbf0d4,Amnesia Fortnight 2012,Double Fine Productions,8d64e697-84b3-471e-b32d-bc73f32c224e,Album,Soundtrack,2012-12-13,2012
50514134-ab88-4438-a5cc-ecb50d8b15b9,Syndicate (2012) OST,Gustaf Grefberg,3289b616-3df4-42a8-9459-6eeea6721a12,Album,Soundtrack,2012-02-21,2012
cfddcf5c-5352-4ad8-8874-509607e16c77,FIFA Street 2012,Various Artists,89ad4ac3-39f7-470e-963a-56509c546377,Album,"Compilation, Soundtrack",2012-03-13,2012
154764fa-eadb-4a5d-b878-e2d04417cdc3,F1 2012 Official Soundtrack,Ian Livingstone,dee5ab21-39a3-42dd-9fa7-dbebb793d78f,Album,Soundtrack,2012-09-24,2012
a961db98-3ca9-45e2-ab83-5de10fb1ccb1,2012 무한도전 나름 가수다,Various Artists,89ad4ac3-39f7-470e-963a-56509c546377,Album,"Soundtrack, Live",2012-01-07,2012
f628c558-36e1-49ca-88c9-824d38537d8c,"ValiDate: Original Soundtrack, Volume 1",Various Artists,89ad4ac3-39f7-470e-963a-56509c546377,Album,Soundtrack,2012-10-12,2012
b6f0485c-ee97-48d6-a22b-34ad5f5992ac,Dwarf Fortress Soundsense Tracks 2012,Simon Swerwer,64339d8d-2720-47b7-8d49-23bb36ce0dd6,Album,Soundtrack,2012-06-11,2012
98ef9630-967f-4bf9-b49a-3c13d9e9583c,MUSICAL ELISABETH 2012 LIVE RECORDING,김준수,24548efd-16fe-4836-9ed1-4ae175ab352b,Album,Soundtrack,2012-09-19,2012
c42eabf3-55fa-4571-b97c-aa5b3aa3f2b6,First Date,Alan Zachary,bc1d1c3d-f604-45e1-8850-a7cff96b97c1,Album,Soundtrack,2013-10-13,2013
5f46d5e2-7060-441b-a79f-7b76d3ef5618,Save the Date! Soundtrack,Francisco Cerda,bba00c32-f3c8-4f35-8960-9737b3751c5d,Album,Soundtrack,2013-05-28,2013
ac50a1e5-53e5-4db5-a92c-c08079efd937,Winter Session 2013,Daniel Desnoyers,36b29d77-51e2-4879-9867-aa7f7b952252,Album,Soundtrack,2013,2013
ce8e81a8-3622-4666-995a-5bf83930aac8,The Shivah (2013),Peter Gresser,807893c8-9766-431e-9729-22d6f942093d,Album,Soundtrack,2013-11-21,2013
c4c50add-e2f1-4346-ae4a-e6aa75a7c11f,학교 2013 OST,Various Artists,89ad4ac3-39f7-470e-963a-56509c546377,Album,Soundtrack,2013-01-28,2013
8005703c-d035-4b58-a43b-0b06f81bf7ea,2013 박명수의 어떤가요,Various Artists,89ad4ac3-39f7-470e-963a-56509c546377,Album,Soundtrack,2013-01-05,2013
33b6d546-e4c3-4130-a490-a7cd3fb06eb7,Surgeon Simulator 2013 OST,Black Heron,14b72ca7-38c5-4b70-b3be-38683d0a19d1,Album,Soundtrack,2013-04-19,2013
8ff65aa3-6eff-482a-a23e-d31081f57249,2013 무한도전 자유로 가요제,Various Artists,89ad4ac3-39f7-470e-963a-56509c546377,Album,Soundtrack,2013-11-02,2013
78d57f08-55c4-4892-9d4d-f1d4b59bd0e4,Musical December 2013 With Kimjunsu,김준수,24548efd-16fe-4836-9ed1-4ae175ab352b,Album,Soundtrack,2013-12-18,2013
29937974-e8f8-46d2-b747-1c6e571c722c,"Human Passage OST (2013, Unfinished)",Melos Han-Tani,94420b10-9d07-4ba5-bc8e-cb9be35afa5e,Album,Soundtrack,2013-06-01,2013
a910a857-0854-40d9-a4c8-7b398b846ea4,TVアニメーション「デート・ア・ライブ」ミュージック・セレクション DATE A MUSIC EXTENSION,坂部剛,e07b4c9d-85c0-439d-8f94-4f056a1b8f47,Album,Soundtrack,2013-08-07,2013
0e40109f-9e8d-425f-8db5-bb59721120bd,TVアニメーション「デート・ア・ライブ」ミュージック・セレクション DATE A MUSIC FIRST HALF,坂部剛,e07b4c9d-85c0-439d-8f94-4f056a1b8f47,Album,Soundtrack,2013-06-05,2013
684e8c0e-8401-4286-93d7-7a48e84ac9ee,TVアニメーション「デート・ア・ライブ」ミュージック・セレクション DATE A MUSIC SECOND HALF,坂部剛,e07b4c9d-85c0-439d-8f94-4f056a1b8f47,Album,Soundtrack,2013-06-26,2013
1ec2b895-173d-4ded-a24a-9ed23e2920c8,Life 2014,Lucky Shade,814df7e3-5141-4d1d-a87c-83a2eef608e6,Single,Soundtrack,2014-08-05,2014
111de13d-1f10-48bc-8a68-9e6d502b1495,Sorcerer 2014,Tangerine Dream,23d8426c-18c7-46e6-a51d-7395bd43c641,Album,"Soundtrack, Live",2014-04-22,2014
57d091c2-4a8f-43d0-80c0-e9fe1c67e35b,Imagine 2014 Cast Recording,Cumberland Gang Show,56b1e65d-7612-4044-a59f-0fad65e0d7d7,N/A,Soundtrack,2014-07-01,2014
35ba345d-d1ef-422e-bc34-8c0314d81e5b,Hannibal (2014 Fannibal Exclusive),Brian Reitzell,46ac828f-1765-445d-bb91-a10fd7291dd7,Album,Soundtrack,2014-06-25,2014
388e6d3c-de65-420e-8783-af459bf651a4,Quédate conmigo,Jesús Navarro,ccf774db-8eb3-4609-a398-2440364a2629,Single,Soundtrack,2014-04-15,2014
421f559d-a339-4d60-9d6e-fbe37d62ae5e,デート・ア・ライブII DATE A “HAPPY” MUSIC,Various Artists,89ad4ac3-39f7-470e-963a-56509c546377,Album,Soundtrack,2014-08-20,2014
c129f8bc-d2ca-4687-89a9-4e260d765d7d,"WWE: WrestleMania: The Music, 2014",Various Artists,89ad4ac3-39f7-470e-963a-56509c546377,Album,Soundtrack,2014-04-07,2014
f405d12c-df5e-4e94-8dde-a4cd34be735c,Apex 2014: A New Challenger‼,OverClocked ReMix,c2187805-d519-4d06-bfdd-5f308d960790,Album,"Soundtrack, Remix",2014-01-17,2014
854e25d5-b27e-4687-8d79-1b8ddfbc071d,Amnesia Fortnight 2014: Official Soundtrack,Double Fine Productions,8d64e697-84b3-471e-b32d-bc73f32c224e,Album,"Compilation, Soundtrack",2014-03-07,2014
57f7de4f-bef9-42cc-893a-2c2d5ff465c2,Festiwal Muzyki Filmowej w Krakowie 2014,Various Artists,89ad4ac3-39f7-470e-963a-56509c546377,Album,Soundtrack,2014,2014
4ff3b1bc-3c0e-46a0-ba0f-78d5178a49d8,J-Bomb 2014 from Blast Corps,Graeme Norgate,ad5c5999-900c-46c7-a76e-d51aa97ab6f0,Single,"Soundtrack, Remix",2014-10-24,2014
b2969e02-9bc9-433d-a024-5a7e8e2a7fce,Blind Date,Stanley Myers,0179bb0c-704a-4844-b7f3-35cee9c8b954,Album,Soundtrack,2015-09-15,2015
ce089105-2950-4eca-8b86-be619a4771c6,F1 2015,Mark ‘TDK’ Knight,e507d880-398e-40fe-bda9-aa93920c7d2b,Album,Soundtrack,2015,2015
206d3e60-46e4-4454-be4d-a2957beb608d,CEO 2015: Champion,OverClocked ReMix,c2187805-d519-4d06-bfdd-5f308d960790,Album,"Soundtrack, Remix",2015-06-22,2015
5e80a247-ec36-4daa-8cb1-8541032f3067,Best of Orkpack 2015,Ralf Kurtsiefer,60a9f252-3e9a-4d30-a7f7-520b7ae04af7,Album,Soundtrack,2015,2015
3870a0a1-7fab-4aa9-ad7f-282c23a2cf3f,Need for Speed (2015),Various Artists,89ad4ac3-39f7-470e-963a-56509c546377,Album,Soundtrack,2015-11-03,2015
a41dda7a-4e95-4ee6-a94c-311ef0f52af6,The NoSleep Christmas 2015 Theme,Brandon Boone,e26e505a-be04-4c6c-b368-5e7842774c8b,Single,Soundtrack,2015-12-21,2015
c14be528-cd1c-4042-a2c3-78e1976ae909,후아유 - 학교 2015 OST,Various Artists,89ad4ac3-39f7-470e-963a-56509c546377,Album,Soundtrack,2015-06-23,2015
4ca6f008-96c1-41cf-9ef5-3d3f2836e2db,Gli angeli dalle mani bendate,Stelvio Cipriani,18386eff-ea05-4ccb-8d62-ff0c99a54018,Album,Soundtrack,2015,2015
d250ab85-204c-4130-add6-3d22eb9dfdf1,Hinsietibunu Te Amo Summer version 2015,Deivid Rivera,a837fc74-c4cd-4052-aa8b-22eb157b64c7,Single,Soundtrack,2015-03-10,2015
05852682-1fcd-4503-af62-a556be33d88c,BEMANI SUMMER DIARY 2015 ORIGINAL SOUNDTRACK,Various Artists,89ad4ac3-39f7-470e-963a-56509c546377,Album,Soundtrack,2015-10-21,2015
3afd4914-5dce-4a7b-83bf-b4b19dd2b2e0,Apex 2015: This Is the Moment,OverClocked ReMix,c2187805-d519-4d06-bfdd-5f308d960790,Album,"Soundtrack, Remix",2015-01-30,2015
4332635b-5733-49bb-bd09-f4a1bcf0c940,장사의 신 : 객주 2015 OST PART.1,LUNA,9f350d47-fdd0-49e8-a705-6cbddd1d1f17,Single,Soundtrack,2015-12-03,2015
25c1c6ea-5bff-495d-bf61-0c6ff386d111,Perfect OST (2016),Melos Han-Tani,94420b10-9d07-4ba5-bc8e-cb9be35afa5e,Album,Soundtrack,2016-08-25,2016
3d9f1724-d702-450d-9634-a7f4463f7ef0,Saxxy Songs 2016,Pumodi,39dc7df2-26e1-4e38-9287-91680b960caf,EP,"Compilation, Soundtrack",2016-11-15,2016
8f29a3ef-1fdb-4739-988e-0f94527a7157,Music from #lowrezjam 2016,Paws Menu,1eec1bd1-e937-444a-a8fc-a766a595b6ec,Album,Soundtrack,2016-04-18,2016
ebb7be21-8c50-40f0-a3cc-967af91a9a9c,DISC ROOM (EP 2016),doseone,524bc397-a217-4605-94ce-08d5c584d294,EP,Soundtrack,2016-08-08,2016
08a2731c-e0da-40ee-b0db-b71106664366,Europapark - Klassik 2016,Europapark,389c06ff-7829-4f91-8f63-745c75e7eefc,Album,Soundtrack,2016,2016
bf117c93-a5f6-4951-a461-ffcbdd07c931,Need for Speed 2016 Soundtrack,Photek,2095b935-2007-4ae0-a48a-ef4d6fc3aac0,Album,Soundtrack,2016-03-18,2016
6d6fb96d-965f-4501-8156-260120393042,Need for Speed Spring 2016,Various Artists,89ad4ac3-39f7-470e-963a-56509c546377,Album,"Compilation, Soundtrack",2016-05-01,2016
87873f67-c9d1-4ac0-8917-c0a1c1ae102d,Fashion Week / Interview 2016,Death Grips,f9133036-ab3d-4e97-bd11-7a2c98ad148a,Album,"Compilation, Soundtrack, Interview",2016-11-26,2016
50b248f8-8f47-4739-a129-c08b7fdc0e44,Mike and Dave Need Wedding Dates (Original Motion Picture Score),Jeff Cardoni,fe126808-1c45-4ab0-a89a-e769afba48db,Album,Soundtrack,2016-07-15,2016
fe8f2ea2-5657-4f73-a758-1f46e2ec2e9e,Mike and Dave Need Wedding Dates (Original Motion Picture Soundtrack),Various Artists,89ad4ac3-39f7-470e-963a-56509c546377,Album,Soundtrack,2016-08-19,2016
ab5cd6b6-8e11-465a-8113-f9e6fe8b3029,La Cinéscénie du Puy du Fou (2016),Nick Glennie‐Smith,b2cc1d81-8f46-41ca-bd1d-e9e8cb02f411,Album,Soundtrack,2016,2016
00a72c06-23ba-437d-b9de-337f6b6699d3,Invisible 2017,Lucky Shade,814df7e3-5141-4d1d-a87c-83a2eef608e6,Single,Soundtrack,2017-07-10,2017
6bdbf8d1-5323-484d-9683-f8b658eed757,Nosleep Christmas 2017,Brandon Boone,e26e505a-be04-4c6c-b368-5e7842774c8b,Album,Soundtrack,2017-12-24,2017
d06d04cf-3124-4019-97e0-8bbe59c2f7b8,학교 2017 OST,Various Artists,89ad4ac3-39f7-470e-963a-56509c546377,Album,Soundtrack,2017-09-04,2017
0b467a33-0089-4eaa-9b35-2bd7053f0954,학교 2017 OST Part.1,gugudan,fbb922f9-5ff1-4b20-9fff-c4e02515aa58,Single,Soundtrack,2017-07-17,2017
d521d0f8-b97c-45dd-9fbe-1f22ddd7cc53,초인가족 2017 OST Part.2,마틸다,d0cea185-8589-460b-ab98-27711935618f,Single,Soundtrack,2017-03-07,2017
de800a02-26e7-4fbb-b963-808118239b79,Amnesia Fortnight 2017 Soundtrack,Double Fine Productions,8d64e697-84b3-471e-b32d-bc73f32c224e,Album,Soundtrack,2017-04,2017
8e527dd6-9b8a-4afb-ad56-e27a741839b9,EXP SOUND BOX 2017,エクスペリエンス,6d0330d6-549b-4ce1-8fe1-445b51a33ac8,Album,Soundtrack,2017-01-10,2017
2d417748-182a-41ec-b8c1-1b21c5bc2fa6,Ponytown Fall Update,Wandering Artist,85255284-6eea-469c-a14d-2c571ab697da,Album,Soundtrack,2017-10-01,2017
9927bb27-bbfc-4d4c-8d9f-ffbf246930fe,Ponytown Xmas Update,Wandering Artist,85255284-6eea-469c-a14d-2c571ab697da,Album,Soundtrack,2017-12-04,2017
61ad4d18-15a6-4f9e-a41a-2ec9311526b7,Bokida: Heartfelt Reunion Soundtrack (2017),Xavier Dang,1fdf9898-dae8-4685-89ac-056c8930d88d,Album,Soundtrack,2017-05-17,2017
97bd96da-0db0-4d34-a0c6-99dd5e513ccc,Tokyo Disneyland Disney’s Easter 2017,[Disney],66ea0139-149f-4a0c-8fbf-5ea9ec4a6e49,Album,Soundtrack,2017-04-19,2017
aae4b34a-fb0a-4730-bf1d-6c996272017e,Versace Fall/Winter 2017 Soundtrack,DØT,134adb2a-701d-46de-97c3-3a3107d6987f,Album,Soundtrack,2017-04-10,2017
89c8c47f-4ba8-400f-bd85-232ef02655d5,학교 2017 OST - Part.6,Apink BnN,c5e03502-4715-4775-9447-6e593cc0aab6,Single,Soundtrack,2017-08-14,2017
6cf2086b-b5ce-4f99-a2e5-553e85518fc2,「dreamy date drive」&「終物語」劇伴音楽集 其ノ肆,羽岡佳,256b4219-8e79-40be-8373-ecc0967f1e40,Album,Soundtrack,2017-11-29,2017
cd30727a-128b-4c27-8c04-ce3ba7051519,Stardew Valley: Original Soundtrack - Update 1.1,ConcernedApe,cb0b303c-45f2-4542-8850-d766fc4eeb81,EP,Soundtrack,2017-11-02,2017
d7f15560-4581-4151-9347-5c49b0410ba2,League of Legends College Championship 2017,Riot Games Music Team,0976dbd8-e7fe-4161-9a49-58c57f7a7787,Album,Soundtrack,2017-05-25,2017
3635ebec-1f0c-4d34-8d9a-10329581c9d7,Black Mirror 2017 (Original Game Soundtrack),Various Artists,89ad4ac3-39f7-470e-963a-56509c546377,Album,Soundtrack,2017-11-28,2017
4c9aa070-fb61-4876-97b1-f5503a529402,Double Date,Goat,6738d800-5160-4959-b78a-ae12c5dba3d0,EP,Soundtrack,2018-04-21,2018
495137a4-6df4-4b0b-85be-ad1cac4587c8,Evoke 2018,Wright & Bastard,db2d1a1f-9bb1-47ed-ada8-65263a236c70,Single,Soundtrack,2018,2018
4b134f73-69c8-461a-826d-e4fcd2ea2ed2,2018 Soundtracks,Grizzly Cogs,dfd27c15-e69d-4920-b4ed-7de646ddd7ac,Album,Soundtrack,2018-11-29,2018
c5beee4e-f003-4ea9-9213-ba0856fd6b31,Nosleep Christmas 2018,Brandon Boone,e26e505a-be04-4c6c-b368-5e7842774c8b,Album,Soundtrack,2018-12-24,2018
1ccb2be4-6017-4105-a598-1f992c8c0783,『僕のヒーローアカデミア』2018 オリジナルサウンドトラック,林ゆうき,e40f289b-601f-4470-86cd-416c3172311a,Album,Soundtrack,2018-07-18,2018
bd70a377-6da0-4c5d-971b-c7a7560a00b1,Peter Pan (Festspielsommer Tecklenburg 2018),Freilichtspiele Tecklenburg,568d7839-5b34-4a87-8bd3-2026bc6befce,Album,Soundtrack,2018,2018
55d1e9d8-5e6d-4f97-8e6a-b6fbffa699a3,Evochron Mercenary Soundtrack (2018 Remaster),Rich Douglas,050596d7-2068-4432-a68f-8614370451fa,Album,Soundtrack,2018-07-07,2018
a685b1da-e11d-48c1-b6b1-d3e2b65ebbf2,Ponytown Halloween Update,Wandering Artist,85255284-6eea-469c-a14d-2c571ab697da,Album,Soundtrack,2018-10-05,2018
ccb58dd2-1f45-4076-bf04-3834f846f751,Stardew Valley: Original Soundtrack - Update 1.3,ConcernedApe,cb0b303c-45f2-4542-8850-d766fc4eeb81,EP,Soundtrack,2018-08-08,2018
4df393be-1deb-4559-85f9-6e2a8f69adff,Feel the Beat 2018 Cast Recording,Cumberland Gang Show,56b1e65d-7612-4044-a59f-0fad65e0d7d7,N/A,Soundtrack,2018-07-01,2018
ee91fa36-5155-4bef-b095-043786f9932b,"グルーヴコースター ORIGINAL SOUNDTRACK 2018 Vol.1 ""DREAM""",ZUNTATA,63d4eab6-de28-42d0-b506-148df013a618,Album,Soundtrack,2018-04-04,2018
cb34bc34-564d-4737-88ab-f631d8cb90cf,"グルーヴコースター ORIGINAL SOUNDTRACK 2018 Vol.2 ""STARLIGHT""",ZUNTATA,63d4eab6-de28-42d0-b506-148df013a618,Album,Soundtrack,2018-05-02,2018
8e71cefa-2ffe-4054-b463-564c339f6d4b,The Lord of the Rings Online: Update 22: Legacy of the Necromancer Soundtrack,Bill Champagne,27b061ce-33d4-468e-8bdb-7d5f1ff310ef,Album,Soundtrack,2018-04-17,2018
70ad01cb-d2d0-4002-8079-d5bea8a055a8,Date Bait,Nicholas Carras,84af2891-2c34-40ba-b6e6-9f9ca621259a,Album,Soundtrack,2019-08-23,2019
6bb669f7-d13d-4234-93f7-88bc37505eb9,Purrfect Date Soundtrack,Oliver Hindle,ad1c334a-0dc3-40cb-833a-b0f18a93e324,Album,Soundtrack,2019-10-01,2019
f53c4b70-9cae-4fec-b8f2-c123a8ff706f,Neutron Stars 2019,Epic Mountain,64dc0ec8-f355-4f37-b77c-f667e64b003b,Single,Soundtrack,2019-11-10,2019
0dafc38e-57b8-44ba-94e6-a3043de2c321,Kubrick's Odyssey 2019,Roger Subirana Mata,e232be51-bf58-459e-9ea0-448676f0217d,Single,Soundtrack,2019-05-15,2019
6802c48e-7046-4b03-b043-31da0f8ccf1f,Ponytown Halloween 2019 Update,Wandering Artist,85255284-6eea-469c-a14d-2c571ab697da,Single,Soundtrack,2019-10-28,2019
6f51bdde-612c-4788-a432-311bf19f2e77,エスプレイドΨ Drive Waves 2019,楠雅弘,d42a844e-53d2-4a51-8c46-be50eaebbcf3,Album,Soundtrack,2019-12-25,2019
42e29ff2-15c0-4326-b240-fa840b6bb4e7,CEO 2019 Original Soundtrack,CEO Gaming,dfae27b3-4c05-48a3-a954-5059a266b658,Album,Soundtrack,2019-06-26,2019
2353d710-c5b3-4fdf-a2f0-f2f2ab83bf95,Why Would I Date A Hoe?,Michael Eaborn,83bb97ed-8d21-4070-8ae5-bb8b6b85cba6,Single,Soundtrack,2019-10-11,2019
8c17df52-1088-4141-b85a-107d77b5b7f7,DATE A LIVE: Rio-Reincarnation OFFICIAL SOUNDTRACK,林茂樹,d27079b6-2424-4f23-8617-0a2a500e283f,Album,Soundtrack,2019-07-23,2019
8b60043e-66a1-4b7c-974e-92bb1054baa9,Das Dschungelbuch (Festspielsommer Tecklenburg 2019),Freilichtspiele Tecklenburg,568d7839-5b34-4a87-8bd3-2026bc6befce,Album,Soundtrack,2019,2019
618eaecf-5abf-4129-98f8-57f418e540e5,OutRun 2019 - Timely REDUX,Various Artists,89ad4ac3-39f7-470e-963a-56509c546377,Album,Soundtrack,2019-09-01,2019
e3346b88-2b75-421a-b348-78460a975bf2,Ponytown Island Update,Wandering Artist,85255284-6eea-469c-a14d-2c571ab697da,Album,Soundtrack,2019-07-26,2019
8b3fa2b0-af08-43a0-9d57-1693a7c48829,Ponytown House Update,Wandering Artist,85255284-6eea-469c-a14d-2c571ab697da,Album,Soundtrack,2019-08-17,2019
16a74594-bff8-45fc-b0c7-dbede519ce67,Ponytown Cave Update,Wandering Artist,85255284-6eea-469c-a14d-2c571ab697da,Album,Soundtrack,2019-08-31,2019
90897965-001b-4c67-a2ac-1c9140a074b4,Starbound Bounty Hunter Update OST,Curtis Schweitzer,465167d6-c5aa-41b6-baf8-b9a05fbc7f52,Album,Soundtrack,2019-06-13,2019
8b6cdffa-2111-4776-b4c3-a4cbb79cc7c0,Stardew Valley: Original Soundtrack - Update 1.4,ConcernedApe,cb0b303c-45f2-4542-8850-d766fc4eeb81,EP,Soundtrack,2019-11-26,2019
0ff70a50-463a-48d0-aa2c-efd65b8db747,50 Years Together 2019 Cast Recording,Cumberland Gang Show,56b1e65d-7612-4044-a59f-0fad65e0d7d7,N/A,Soundtrack,2019-07-12,2019
f679b34e-61b9-478f-bc2e-8465a91df938,Rainbow Six Siege: 2019 Invitational Music,Danny Cocke,effcfa93-b55e-4de6-a0ab-dc7c66eef4e6,Album,Soundtrack,2019-02-25,2019
23968630-665a-46a5-a727-4d2753352146,Shaft 2019 (Original Motion Picture Soundtrack),Various Artists,89ad4ac3-39f7-470e-963a-56509c546377,Album,Soundtrack,2019-06-07,2019
afbf335a-68b2-4f66-a9c4-88599ee49fbf,TVアニメ「デート・ア・ライブIII」 ミュージック・セレクション DATE A “World” MUSIC,坂部剛,e07b4c9d-85c0-439d-8f94-4f056a1b8f47,Album,Soundtrack,2019-05-22,2019
249fd076-7026-47a7-bc67-5b65020099b7,TVアニメ「デート・ア・ライブIII」 ミュージック・セレクション DATE A “Unforgettable” MUSIC,坂部剛,e07b4c9d-85c0-439d-8f94-4f056a1b8f47,Album,Soundtrack,2019-05-22,2019
276a6cd8-c6cd-42f1-9a4b-bf296aaafafa,The Lord of the Rings Online: Update 24: Vales of Anduin Soundtrack,Bill Champagne,27b061ce-33d4-468e-8bdb-7d5f1ff310ef,Album,Soundtrack,2019-07-08,2019
7601e595-b151-4806-bce8-5eca37529490,The Lord of the Rings Online: Update 25: Minas Morgul Soundtrack,Bill Champagne,27b061ce-33d4-468e-8bdb-7d5f1ff310ef,Album,Soundtrack,2019-11-18,2019
b1ce8485-8220-4b61-ab6e-b20ed580c9e2,The Lord of the Rings Online: Update 23: Where Dragons Dwell Soundtrack,Bill Champagne,27b061ce-33d4-468e-8bdb-7d5f1ff310ef,Album,Soundtrack,2019-01-19,2019
c240fcae-f955-4eaf-96ad-f3442ae39856,Reflection (2020),Christina Aguilera,b202beb7-99bd-47e7-8b72-195c8d72ebdd,Single,Soundtrack,2020-08-28,2020
8d59e8b2-0a8e-4e8d-b248-5bbcdd96c3f9,썸툰 2020 OST,유빈,01e04a31-2688-4c00-ad18-a63ad46ce005,Single,Soundtrack,2020-06-16,2020
d3e53116-4d73-472b-94d9-8611cc4a88aa,Cyberpunk 2020 OST,Gramatik,9b62a8a3-fcd5-4b51-a970-0f08a440ed6d,Album,Soundtrack,2020-10-23,2020
8076a2ad-8b8c-439f-b7f7-ce914f9408a7,グルーヴコースター オリジナルサウンドトラック 2020,Various Artists,89ad4ac3-39f7-470e-963a-56509c546377,Album,Soundtrack,2020-02-12,2020
3804db7c-127f-40b1-9fbc-9e6ac07f0542,Ponytown Xmas 2020 Update,Wandering Artist,85255284-6eea-469c-a14d-2c571ab697da,EP,Soundtrack,2020-12-21,2020
1f8eee68-86ec-4ee7-8606-0b0183d651da,Ponytown Beach Update,Wandering Artist,85255284-6eea-469c-a14d-2c571ab697da,Album,Soundtrack,2020-08-01,2020
531abbba-84d3-4649-a808-8549a3b2a206,Worlds 2020 | Orchestral Theme,Riot Games Music Team,0976dbd8-e7fe-4161-9a49-58c57f7a7787,Single,Soundtrack,2020-09-09,2020
78d7f24d-9cfa-47b0-af57-b55397c2fd27,Ballsy! World Cup 2020 Soundtrack,bitplane,20d23d8b-ab05-4817-a328-4ecaa2215426,Album,Soundtrack,2020-11-13,2020
6fc95acc-db73-447b-a705-45aac0d080a9,Otaku Time (2020) Original Soundtrack,Louis Germain,aa59fd9c-501a-442b-8611-c52d5c831ec6,Album,Soundtrack,2020,2020
f1e83648-5e86-4f27-9649-ec65ba5436fe,Ponytown Snowy Beach Update,Wandering Artist,85255284-6eea-469c-a14d-2c571ab697da,Album,Soundtrack,2020-12-01,2020
62cd476a-2799-4fe1-9a2d-bc452711f882,Feather: Explorer Update OST,Mitchell Pasmans,3e6eca2e-21f1-4a3f-8395-1ccf92e54a3b,Album,Soundtrack,2020-10-01,2020
919af6fc-eb5a-442f-979a-f14b22b8b378,How To Date A Magical Girl! Original Soundtrack,Alec Shea,596fc1a4-a71d-4dfb-b493-33b089c36a36,Album,Soundtrack,2020-01-27,2020
b6c548af-9f33-44f8-a4d3-c842135096c4,Stardew Valley: Original Soundtrack - Update 1.5,ConcernedApe,cb0b303c-45f2-4542-8850-d766fc4eeb81,EP,Soundtrack,2020-12-21,2020
b8035930-f05f-4755-b090-59b6901d2f4f,Ultimate Chicken Horse Acobratic Update Soundtrack,Vibe Avenue,a16f12fa-3869-430d-8bff-cb6d153b22d1,EP,Soundtrack,2020-03-12,2020
d66a5e45-5135-4f03-92cf-35b4463ddaaf,Minecraft: Nether Update (Original Game Soundtrack),Lena Raine,f1693075-b637-49f8-8d0e-8cee8bec77cb,EP,Soundtrack,2020-06-05,2020
ac676bd2-e1af-4b7c-8ebc-bc012cbcc636,2020 뮤지컬 모차르트! OST (Ver.김준수),김준수,24548efd-16fe-4836-9ed1-4ae175ab352b,Album,Soundtrack,2020-07-13,2020
97507d52-e6ef-4df9-81c7-aabda62412fd,Sonic DVD OST [Sage Demo 2020],Michael Staple,4c48c016-d3b4-4693-ba27-ded1ef65d21e,Album,Soundtrack,2020-09-05,2020
5708da3c-4e06-4325-b556-11edc1cacf9c,The Lord of the Rings Online: Update 26: Mists of Wilderland Soundtrack,Bill Champagne,27b061ce-33d4-468e-8bdb-7d5f1ff310ef,Album,Soundtrack,2020-06-25,2020
509581c8-7cec-4c30-8078-653fc0c8aae9,The Lord of the Rings Online: Update 27: The Great Wedding Soundtrack,Bill Champagne,27b061ce-33d4-468e-8bdb-7d5f1ff310ef,Album,Soundtrack,2020-09-08,2020
cf354a36-a28a-4038-ac2d-d5fe5118b620,Strongest (2021),Jodie Chan,c13cc9f4-8660-45b6-a16e-3f7a31b06a2d,Single,Soundtrack,2021-05-08,2021
9d511a38-3e5e-47e7-8c9d-da4e051f792a,Tornado 2021,Steven F. Allen,1d2d2a68-897f-4e9b-a1ba-a2afad048f85,Single,Soundtrack,2021-12-15,2021
8f1e3523-392f-4e1e-9689-785a83e65da5,Cicadaz 2021,Steven F. Allen,1d2d2a68-897f-4e9b-a1ba-a2afad048f85,Single,Soundtrack,2021-07-09,2021
687ad0d5-e0f8-4360-8996-655c285b1a57,Cyworld BGM 2021,Ailee,cecc42fb-9657-4b54-ad2f-7b73eefaef12,Single,Soundtrack,2021-07-23,2021
34d206f6-9274-41b7-adcd-1bb899158a91,Black Holes 2021,Epic Mountain,64dc0ec8-f355-4f37-b77c-f667e64b003b,Single,Soundtrack,2021-04-27,2021
c2e385a1-4472-4daf-a7ac-0c02f7ebc393,2021 World Championship Theme,Riot Games Music Team,0976dbd8-e7fe-4161-9a49-58c57f7a7787,Single,Soundtrack,2021-09-19,2021
e19133df-a334-4b4c-bee3-c9b532a405a4,학교 2021 OST Part.6,수안,2981e3a6-f00a-44a6-a681-261d5c2af833,Single,Soundtrack,2021-12-16,2021
f3473c21-5a4b-47cc-9491-cc8a2bd1222b,May 27th Drone 2021,Steven F. Allen,1d2d2a68-897f-4e9b-a1ba-a2afad048f85,Single,Soundtrack,2021-12-01,2021
5ca8e515-3015-4f3e-b23a-36ceba165252,"학교 2021 OST, Part.4",미미,6688751b-56c6-4e8b-9dca-b1e84a770c11,Single,Soundtrack,2021-12-02,2021
1592a534-5bbe-4485-bcbb-87d2fe37b749,HuniePop 2: Double Date Original Soundtrack,World of Wandag,49ca1e15-153a-48e5-abe1-3787b83a99d0,Album,Soundtrack,2021-02-18,2021
543d0f80-ff9d-4e2c-a1f7-1593a2b01833,True Limits of Humanity 2021,Epic Mountain,64dc0ec8-f355-4f37-b77c-f667e64b003b,Single,Soundtrack,2021-05-11,2021
205d632b-afae-4a28-9463-ae47cbb05be4,연애의 참견 2021 OST Part.6,SATURDAY,a9eb0933-b045-4073-8d01-aa82ecfd0330,Single,Soundtrack,2021-05-16,2021
103ea754-afee-4876-abf5-3f2ce512605d,Quedate Aqui,Aura,97618b87-ba4e-429a-b58c-0226af40ce71,N/A,Soundtrack,2021-10-26,2021
19e4f7ed-faa7-4972-a17d-1ebd99f39da6,The Date Week (FNF Mod Original Soundtrack),BBpanzu,f903c73e-d84e-4bf4-bce7-4942fd6ebb72,EP,Soundtrack,2021-07,2021
dc9f7c74-a9a9-4875-84c3-ed23b64f4f89,デート・ア・バレット “DATE A BULLET MUSIC”,坂部剛,e07b4c9d-85c0-439d-8f94-4f056a1b8f47,Album,Soundtrack,2021-03-24,2021
45c6193b-e9cf-4abc-b930-a9f62e9e3c54,Landsoldaten: Official Soundtrack,Julien Monette,f6bd3ee2-9761-48eb-a9bb-0b4616a4aa4a,EP,Soundtrack,2021-08-07,2021
342f27bb-b9e7-4f63-a997-36773df8c9b6,Pony Town Bakery Update,Wandering Artist,85255284-6eea-469c-a14d-2c571ab697da,EP,Soundtrack,2021-05-29,2021
5455f17a-81d6-4f02-81e6-ae1e09e3e3b2,Pony Town Market Update,Wandering Artist,85255284-6eea-469c-a14d-2c571ab697da,EP,Soundtrack,2021-10-04,2021
32eb1523-4540-422b-9d6d-c61a06585c14,Dates & Wires X NINGEN,NINGEN,40fb5c77-5ec3-4027-9390-5c9c7eeb00a0,Album,Soundtrack,2021-06-27,2021
82caf02c-f451-4a7e-9ac6-42a64a8e3c95,"Caroline, or Change (2021 Broadway Cast)",Tony Kushner,2a6af1a0-eccc-43cf-a818-16e129a65042,Album,Soundtrack,2021-01-14,2021
51aa963f-e3f5-4093-98ec-93826da41722,The Lord of the Rings Online: Update 31: Fate of Gundabad Soundtrack,Bill Champagne,27b061ce-33d4-468e-8bdb-7d5f1ff310ef,Album,Soundtrack,2021-11-23,2021
66626f81-234d-4e18-8483-68e460ee0e88,The Lord of the Rings Online: Update 30: Blood of Azog Soundtrack,Bill Champagne,27b061ce-33d4-468e-8bdb-7d5f1ff310ef,Album,Soundtrack,2021-10-22,2021
163fc1f3-cec0-436c-a959-0198db786dc2,The Lord of the Rings Online: Update 28: War of Three Peaks Soundtrack,Bill Champagne,27b061ce-33d4-468e-8bdb-7d5f1ff310ef,Album,Soundtrack,2021-01-21,2021
83ddcb5a-a717-4f71-bb1c-1ac4c1cb62ac,Novembeat 2022: Original Soundtrack,Sockpuppet,5b7bea49-746f-4b55-a2d9-00c4d30f4618,Album,Soundtrack,2022-12-02,2022
5e82398c-deed-4247-a504-aee9adc38ed9,Enclave OST Medley 2022,Gustaf Grefberg,3289b616-3df4-42a8-9459-6eeea6721a12,Single,Soundtrack,2022,2022
a89e72a2-c92b-44ad-accc-72567cb57e84,SCP: Roleplay 2022 OST,Avery Alexander,7a866c56-1b1d-4fd9-84bd-45a967964b8b,Album,Soundtrack,2022-12-20,2022
43d28435-fd3a-45d2-aed6-ebff9a6108f5,Date A Live IV Original Soundtrack,坂部剛,e07b4c9d-85c0-439d-8f94-4f056a1b8f47,Album,Soundtrack,2022-06-29,2022
e4f9ee97-e5b1-470d-827e-446042e6bf45,Pony Town Halloween 2022 Update,Wandering Artist,85255284-6eea-469c-a14d-2c571ab697da,EP,Soundtrack,2022-10-31,2022
94041126-eb22-4831-80a1-253c34fcc702,Next Level 2022 Cast Recording,Cumberland Gang Show,56b1e65d-7612-4044-a59f-0fad65e0d7d7,N/A,Soundtrack,2022-07-06,2022
b546b19c-b9cb-4e12-b26b-a7b15312aed5,Assassins (2022 off-Broadway cast),Stephen Sondheim,bcd6af9f-afa8-43fd-b1be-acbbbb2f7dc7,Album,Soundtrack,2022-03-18,2022
abb936a3-a1af-4056-bdfe-55a247480467,Lunar Revel 2022: Almost Home,Riot Games Music Team,0976dbd8-e7fe-4161-9a49-58c57f7a7787,Single,Soundtrack,2022-01-15,2022
6233c7db-8d47-4ba0-a889-fa517176f1cd,Hyper Meteor Playdate Original Soundtrack,Robby Duguay,9443a9be-5b92-4a80-b427-c371d0d46ba9,Album,Soundtrack,2022-08-29,2022
92205ad4-2701-4312-bdc0-e4c3b5601b39,Compositions for the Playdate Game Console,David Wester,48c3b942-5d0b-4685-b6b8-c7b17f0d3327,Album,Soundtrack,2022-11-15,2022
5d9eb506-f873-4e70-b2aa-58e5dbbd80b4,Star Guardian 2022 (Official Orchestral Theme),Riot Games Music Team,0976dbd8-e7fe-4161-9a49-58c57f7a7787,Single,Soundtrack,2022-06-21,2022
c86fde57-bcb4-44fd-b9e6-9c053966fb89,Minecraft: The Wild Update (Original Game Soundtrack),Lena Raine,f1693075-b637-49f8-8d0e-8cee8bec77cb,EP,Soundtrack,2022-04-20,2022
27774204-c00f-446d-9299-7e752ef7d125,Believe: The Music of EVO 2022,Zaid Tabani,de136b08-5752-4c07-97d6-9e2d01ed05cc,Album,"Soundtrack, Remix",2022-08-08,2022
3443ef01-6bae-40a3-ac92-9db5ddc46a98,Into the Woods: 2022 Broadway Cast Recording,Stephen Sondheim,bcd6af9f-afa8-43fd-b1be-acbbbb2f7dc7,Album,Soundtrack,2022-09-30,2022
072b71af-73ad-4e88-9206-956629e06ded,Jaanmoni 2023,Biman Boruah,a7a57b1c-f794-4f17-af55-67ce426dc92e,Album,Soundtrack,2023-04-07,2023
852e4f9b-d9eb-4e43-b657-3409b7612352,포켓몬스터 (2023),aespa,b51c672b-85e0-48fe-8648-470a2422229f,EP,Soundtrack,2023-08-23,2023
3f61cea7-8740-4e98-adea-ce04688e8236,Teslagradsangen 2023,Bear & Cat,700c33e5-463e-40a7-9e4f-8646e99ada85,Single,"Soundtrack, Remix",2023-04-22,2023
ccb28b6c-26c0-4471-bbe0-a851ec5d6bfc,Realms Deep 2023,Jon of the Shred,cb638d3f-6258-445e-9047-68457f5888fe,Album,Soundtrack,2023-10-30,2023
85b65d1f-381b-4c30-b9da-51c5ce1b6e56,2023 World Championship Theme,Riot Games Music Team,0976dbd8-e7fe-4161-9a49-58c57f7a7787,Single,Soundtrack,2023-09-27,2023
9ac12d37-c9c7-4e27-9f6b-8aebc30af589,ゴースト トリック オリジナルサウンドトラック 2023,杉森雅和,33816245-a784-404b-97fc-a92e3f4d9ebd,Album,Soundtrack,2023-06-30,2023
0a96ed83-a860-4458-91c7-d51b70498945,BespokE : GTS 2023,Gratia Productions,9adfda7b-9751-48ba-9a8f-78248268bf2e,Album,Soundtrack,2023-12-18,2023
11114f52-5234-4271-ae19-ed0e65eba44a,KONAMI Arcade Championship(2023),Various Artists,89ad4ac3-39f7-470e-963a-56509c546377,Album,Soundtrack,2023-09-28,2023
711c5fb2-9819-4b88-b088-3f0d66bedb70,Dug Days: Carl's Date (Original Soundtrack),Andrea Datzman,5053fda7-4379-481e-ac07-8dc1e769b72c,Album,Soundtrack,2023-06-16,2023
341ba96c-37a3-4621-b657-cffcdd568202,Novembeat 2023: Pawmune and Friends,Sockpuppet,5b7bea49-746f-4b55-a2d9-00c4d30f4618,EP,Soundtrack,2023-12-01,2023
c11cf91e-3c17-4d94-80cc-3300d36ae763,Minecraft Live: 2023 (Original Soundtrack),Camilo Forero,e75f22f5-8e78-45f3-9300-46f861752e98,Album,"Soundtrack, Live",2023-11-02,2023
b7f287b9-8aa6-476e-99fb-8ffbe08ee1d5,Pony Town Library Update,Wandering Artist,85255284-6eea-469c-a14d-2c571ab697da,EP,Soundtrack,2023-01-05,2023
19e93ed9-70c6-4fd9-bfba-d7a565cf60ac,SCP: Roleplay: Original Updates Soundtrack,MetatableIndex,8103edf2-8215-4514-874c-91cb8c2b5eeb,Album,Soundtrack,2023-12-18,2023
46a64b3a-2e30-404d-bdba-b679a492f5c7,IMPACT: The Music of EVO 2023,Zaid Tabani,de136b08-5752-4c07-97d6-9e2d01ed05cc,Album,Soundtrack,2023-08-07,2023
b4811eb8-7579-4da5-b2a5-718cfb9ca63b,Turkey-Syria Earthquake 2023 (Original Soundtrack),Tariq Hisny,2a8dd647-ab76-4fe0-ba81-8b7de65fa6bf,Single,Soundtrack,2023-03-03,2023
9397942c-d594-4a5a-b1ef-92e1d263cf75,Camelot: The 2023 Broadway Cast Recording,Lerner & Loewe,24702a72-7411-4270-b1b5-f86c2c1b07ca,Album,Soundtrack,2023-06-30,2023
2857a00d-319c-43f2-8e12-f13333c3d0ba,2023 Old Zone : The Collection,Satvik Savage,10aa5c10-92f4-4067-8217-8af40189f330,EP,"Soundtrack, Mixtape/Street",2023-12-31,2023
a6a4b01b-66da-436c-9adb-24ffc2144754,The Lord of the Rings Online: Update 36: Gondor Renewed Soundtrack,Bill Champagne,27b061ce-33d4-468e-8bdb-7d5f1ff310ef,Album,Soundtrack,2023-09-29,2023
aaa1612a-fa2e-4313-b07a-d56c90ab5ba8,The Lord of the Rings Online: Update 33: The Yondershire Soundtrack,Bill Champagne,27b061ce-33d4-468e-8bdb-7d5f1ff310ef,Album,Soundtrack,2023-07-13,2023
425bb489-04d7-472b-9b04-ad6875c3e33c,Vava Album for Dopatwo 2023 (Original Soundtrack),Pumodi,39dc7df2-26e1-4e38-9287-91680b960caf,Album,Soundtrack,2023-08-26,2023
b4030f66-4c1f-4d79-be2b-345d98a669fa,1984 - (Original Motion Picture Soundtrack) [2023],Diana Ringo,6a0a1b0c-3ac4-49c3-be20-c396f38d1677,Album,Soundtrack,2023-10-01,2023
4ab23388-d702-4d33-8288-4e653bbb6275,A Fox in Space Original Soundtrack 2023,Matthew Gafford,f78d55cb-bf2b-4313-8981-6afe4cf0a4d2,Album,Soundtrack,2023-03-30,2023
a43dd473-bd51-488e-8946-a8669573ddda,The Lord of the Rings Online: Update 32: Rangers and Ruins Soundtrack,Bill Champagne,27b061ce-33d4-468e-8bdb-7d5f1ff310ef,Album,Soundtrack,2023-06-29,2023
fb86e74d-dbaf-4613-8b22-1d7bc5d51ecb,The Lord of the Rings Online: Update 35: Return to Carn Dûm Soundtrack,Bill Champagne,27b061ce-33d4-468e-8bdb-7d5f1ff310ef,Album,Soundtrack,2023-09-21,2023
2fa6ca7e-d415-49c4-945c-6baee125a5bb,Holga Date,Aaron Cherof,68801059-353e-435a-8d2b-cf60bb42a65e,Album,Soundtrack,2024-10-04,2024
7cd903a0-bb0c-4e74-85d7-729d88895342,Odysseus 2024 Soundtrack,Hannu Sinervä,77f48ece-d133-4482-917c-72648c664ca1,Album,Soundtrack,2024-06-06,2024
4e9847d4-53a2-48cf-b05c-84b5e30ed9b0,2024 World Championship Theme,Richard Thompson,ecfeacaf-0399-470f-8207-d1c646569fd0,Single,Soundtrack,2024-09-13,2024
7f4e647f-4470-4d6a-922a-eb9e5a335221,Minecraft Live: 2024 (Original Soundtrack),Camilo Forero,e75f22f5-8e78-45f3-9300-46f861752e98,Album,"Soundtrack, Live",2024-09-28,2024
06c04387-ad06-4532-84e5-b94bdd3bd56f,RUSH: The Music of EVO 2024,Zaid Tabani,de136b08-5752-4c07-97d6-9e2d01ed05cc,Album,Soundtrack,2024-07-22,2024
85e4698a-892b-4bc6-9927-e2952a40adca,Virtual Market Summer 2024 Official Soundtrack,HIKKY,a725a053-95d5-40af-8f4b-9344486de786,Album,Soundtrack,2024-08-15,2024
b221b11b-82b4-4a1e-966b-c29c6bd91885,How to Date Billy Walsh (Original Motion Picture Soundtrack),Rob Lord,c57bb0a4-aed2-4920-b52e-8ac1134a4171,Album,Soundtrack,2024-04-16,2024
e300d042-cd8f-4a42-ac5e-7297b9823edf,The Lord of the Rings Online: Update 38: Corsairs of Umbar Official Game Soundtrack,Bill Champagne,27b061ce-33d4-468e-8bdb-7d5f1ff310ef,Album,Soundtrack,2024-01-19,2024
94522ced-3a8b-4ca2-b213-0358cea1fc8b,Make That Body Move (Warrior Workout 2024 OST),Act of Rage,67a8a552-e9b1-45e0-9c9f-de7d760eb021,Single,Soundtrack,2024-05-03,2024
07c09132-312b-4e28-9f83-d3da2206773d,Sea of Thieves Original Soundtrack - 2024 Edition,Sea of Thieves,e5c886c1-68bd-4c31-b71c-82609fbe1b28,Album,Soundtrack,2024-03-14,2024
3dcae697-9208-46fa-b549-f4397795f083,SILENT HILL 2 ORIGINAL SOUNDTRACK -2024- Extra Edition,Akira Yamaoka,23a32153-7314-4359-a5cd-9e584fe83504,Album,Soundtrack,2024-11-20,2024
da34fe93-d809-4809-8fa3-469243cf4b46,Sonic 2 SMS 16-Bit - CGS 2024 DEMO OST,LunarCryptik,ac1f0ca0-ab71-42f2-8323-220779bca528,Other,Soundtrack,2024-11-03,2024
c7c93edd-0cc3-4cdb-a056-c17fa94488a8,Honor of Kings: Chinese New Year 2024 (Original Game Soundtrack),Various Artists,89ad4ac3-39f7-470e-963a-56509c546377,EP,Soundtrack,2024-02-19,2024
